S/N,Stall (Review >10 as of 2023 March 21),Address,Postal code,Operating hour,"Type (Hawker, coffee shop, restaurant)",Google stars,No. of reviews (as of 21 Mar 2023),Cost,Gram of chicken,Cost per gram,Tenderness (Angel's rating),Tenderness (Cameraman's rating),Rice Fragrance (Angel's rating),Rice Fragrance (Cameraman's rating),Chilli (Angel's rating),Chilli (Cameraman's rating),Soup (1-10) (Angel's rating),Soup (1-10) (Cameraman's rating),"Saltiness (1-5)
5 = saltiest, 3 = normal",Rating (10/10) (Angel's rating),Rating (10/10) (Cameraman's rating),"Bacteria (E.coli, Y/N)","E.coli count (CFU/g)
(>490000 is replaced by 490001, <10 is replaced by 9 for sorting)",Remarks
1,Ah Boy Chicken Rice (Mentor Eric Teo),"678A Choa Chu Kang Cres, Singapore 681678",681678,9:30am-8:30pm,Coffee Shop,4.2 stars,303,3.60,60.00,0.0583,7.0,7.0,10.0,10.0,9.0,9.0,9.0,9.0,3.0,9.0,9.0,N,9,"Pickled veggie is super nice. Soup is so good, contains raddish. Chilli is very fragrant too"
2,Ah Five Hainanese Chicken Rice / Fried Rice / Porridge,"Blk 158 Ang Mo Kio Ave 4, Singapore 560158",560158,8:30am-3:30pm,Coffee Shop,3.9 stars,54,5.50,98.00,0.0561,7.0,8.0,7.0,7.0,8.0,9.0,10.0,10.0,3.0,8.5,9.0,N,86,Kampong Chicken was used. Chilli with rice is so good. Chicken feet soup is like chicken essence.
3,Wee Kim Hainanese Chicken Rice,"51 Yishun Ave 11, Singapore 760355",760355,10:30am-8:30pm,Hawker,3.8 stars,13,4.50,68.20,0.0660,8.0,7.5,6.5,6.5,8.0,8.5,8.5,8.5,3.0,8.0,8.5,N,59,"Beansprout is very crunchy and nice. Sauce is light and not salty. Soup contains chicken feet and peanut, is for you to scoop yourself. Ginger is damn good. Everything goes well together hence bonus point given. (Sorry that the video has typo for rice fragrance)"
4,Henry's Chicken Rice,"117 Commonwealth Dr, Singapore 140117",140117,7am-1pm,Hawker,3.9 stars,73,3.00,98.80,0.0304,8.0,7.5,3.0,4.0,4.0,4.0,4.0,4.0,3.0,6.0,6.0,Y,810,"Tofu soup is quite tasteless, only the chicken is very good"
5,Hai Nan Xu Ji Chicken Rice (Stall 144),"84 Marine Parade Central, Singapore 440084",440084,9:30am-2:30pm,Hawker,4.3 stars,15,3.00,77.00,0.0390,7.5,7.5,6.0,7.0,5.0,4.0,5.0,6.0,3.0,6.5,6.0,Y,"6,800",Quite cheap and good value. Sauce adds score to the rice. But chilli is not good.
6,Bao Mei Boneless Chicken rice,"5 Dover Cres, Singapore 130005",130005,10am-6:30pm,Coffee Shop,4.8 stars,93,3.00,74.20,0.0404,7.0,7.0,7.5,7.5,7.0,9.0,7.0,8.0,3.0,7.5,8.0,Y,"25,000",Chili + rice combi is fantastic
7,Wuming Hainanese Chicken Rice 無名海南雞飯,"Redhill Rd, #01-110 Blk 75D, Singapore 154075",154075,10am-9:30pm,Restaurant,4.2 stars,59,5.50,93.60,0.0588,7.0,7.5,7.5,7.5,7.5,8.0,8.0,8.0,3.5,8.0,8.5,N,9,"Rice is a bit salty. But the soup is very good, comes with corn and chicken feet. "
8,Chin Chin (Purvis St),"19 Purvis St, Singapore 188598",188598,11am-3pm,Restaurant,4.1 stars,"1,372",6.00,113.00,0.0531,8.0,8.0,8.0,8.0,8.0,8.0,7.0,7.0,3.0,8.5,8.5,N,33,Rice has pandan leaves smell. Everything goes well together. Generous with cucumber.
9,Hup Hong Chicken Rice,"254 Jurong East St 24, #01-51, Singapore 600254",600254,11:30am-2pm,Hawker,4.5 stars,40,3.50,92.50,0.0378,7.5,7.5,5.0,5.0,9.0,9.0,7.0,7.5,3.0,7.5,8.0,N,9,There is a long queue even at 10:30am. Their chilli is epicly good.
10,Foo Kee Hainanese Chicken Rice,"303 Anchorvale Link, Singapore 540303",540303,10am-7:30pm,Coffee Shop,3.3 stars,15,4.50,89.10,0.0505,7.5,7.5,7.0,7.0,8.0,8.5,7.0,6.5,3.0,7.5,8.0,N,9,Soup has sweetness of the cabbage. Surprisingly good stall
11,Chuen Chuen Chicken Rice,"2 Lor Sarina, Singapore 416647",416647,10am-9pm,Restaurant,4.5 stars,75,5.00,95.80,0.0522,9.0,9.5,5.5,6.0,8.0,8.0,3.0,4.0,3.5,7.5,8.0,N,10,Rice has no taste. Ginger is very good. But soup is salty.
12,Teik Kee Chicken Rice 德記雞飯,"56 Lor 25A Geylang, Singapore 388248",388248,24 hours,Coffee Shop,3.8 stars,63,5.00,104.00,0.0481,7.5,7.0,7.0,7.5,7.0,7.0,5.0,5.0,3.0,8.0,8.0,N,21,"Some bones given, bone parts are super nice. But the soup is salty."
13,Kampong Chicken Eating House,"247 Outram Rd, Singapore 169047",169047,10:45am-12am,Restaurant,4.0 stars,320,5.30,77.50,0.0684,8.0,8.0,7.5,8.0,7.0,7.0,7.0,7.0,3.0,8.5,8.0,N,9,"Chilli brings out the taste of the chicken and goes well with the rice. Ginseng taste in the soup, flavour is good. Cucumber is very fresh."
14,Seng Kiat Hainanese Chicken Rice,"4 Defu Lane 10, Singapore 539214",539214,7am-5pm,Coffee Shop,4.5 stars,19,3.00,64.30,0.0467,6.0,6.0,7.0,8.0,7.0,9.0,5.0,5.0,3.0,7.0,7.5,N,9,Chilli with rice is good. Rice is flavourful but nont salty. Stall and owner presentation is clean.
15,雞頭 Chicken Head (Lee Kwang Kee),"448 Clementi Ave 3, #01-18, Singapore 120448",120448,10am-9pm,Hawker,2.9 stars,16,3.50,83.00,0.0422,5.0,5.0,4.0,5.0,6.0,4.0,4.0,5.5,3.5,5.0,5.0,Y,120,Chilli with rice is quite salty. Soup is on the sweeter side.
16,紫金城 Hainanese Boneless Chicken Rice,"120 Bukit Merah Lane 1, #01-15, Singapore 150120",150120,10:30am-4pm,Hawker,4.3 stars,38,3.50,114.00,0.0307,6.5,6.5,6.5,6.5,6.0,7.0,2.0,2.0,3.5,7.0,7.5,Y,160,"Achar was given, very nice achar, add 0.5 to overall rating. But the hawker toilet is super dirty."
17,Jubilant Hainamese Chicken Rice,"121 Pasir Panjang Rd, #01-32, Singapore 118543",118543,9:30am-1:30pm,Hawker,4.3 stars,16,3.50,70.00,0.0500,5.0,5.0,6.0,5.0,9.0,10.0,7.0,6.0,3.0,6.0,5.5,Y,170,"Rice is hard. Chicken sauce is just nice, not oily or salty. Chilli is a winner. Ginger is so so"
18,Rong Ji Traditional Hainanese Chicken Rice,"85 Redhill Ln, #01-42, Singapore 150085",150085,10am-8pm,Hawker,4.1 stars,37,3.50,76.00,0.0461,5.0,4.0,6.5,6.5,7.0,7.0,7.0,7.0,3.0,6.0,5.0,Y,930,"Chicken is tender but powdery. Carrot and potato soup is given, quite special."
19,Far East Chicken Rice,"350 Ubi Ave 1, Singapore 400350",400350,10:30am-7pm,Coffee Shop,4.0 stars,26,3.50,57.50,0.0609,4.0,5.0,7.0,8.0,7.0,7.5,6.0,6.0,3.0,5.5,5.5,Y,"1,100","""Lazy"" way of doing chicken rice. Only chicken is no good, the rest ok."
20,Ju Xing HAINANESE BONELESS CHICKEN RICE 聚兴海南起骨鸡饭,"Blk 69 Geylang Bahru, #01-01 Market And Food Center, Singapore 330069",330069,9:30am-7pm,Hawker,4.8 stars,19,3.50,69.00,0.0507,6.0,6.0,7.0,7.0,6.0,6.0,5.0,5.0,4.0,6.0,6.0,Y,"1,700","Flavour of the chicken is good, but quite salty and oily. Even chili was salty"
21,925 Yishun Hainanese Chicken Rice,"Blk 1#01-249, 925 Yishun Central",760925,11am-8:30pm,Coffee Shop,4.1 stars,"1,200",3.50,40.40,0.0866,3.5,4.0,4.0,5.0,5.0,5.0,6.5,6.5,2.5,4.5,4.0,Y,"2,900",Has achar. Chilli is sour though.
22,Shen Ji Ji Fan Chicken Rice,"20 Ghim Moh Rd, #01-22, Singapore 270020",270020,10am-4pm,Coffee Shop,4.5 stars,56,3.50,91.30,0.0383,7.0,6.0,6.0,6.0,4.0,4.0,5.0,4.0,3.0,6.0,5.0,Y,"3,100",Sauce for the chicken is too thick. 
23,Qi Lin Xuan Chicken Rice,"Jurong West Ave 1, #01-758 Block 442, Singapore 640442",640442,2-11pm,Coffee Shop,3.9 stars,331,3.50,101.00,0.0347,7.0,5.0,4.0,5.0,8.0,7.0,4.0,4.0,3.0,6.5,6.0,Y,"5,500",The soup was too salty
24,Tong Fong Fatt Hainanese Boneless Chicken Rice,"20 Ghim Moh Rd, #01-24 Market & Food Centre, Singapore 270020",270020,10am-8:30pm,Hawker,3.5 stars,99,3.50,75.20,0.0465,10.0,9.5,6.0,5.0,3.5,3.0,7.0,6.0,4.0,7.5,6.0,Y,"6,700","there are a total of 21 stalls of TFF CR, this has the highest Google Review. Rice is hard, only chicken is good. everything else is salty"
25,A & I Hainanese Boneless Chicken Rice,"907 Jurong West Street 91, Singapore 640907",640907,6am-3:30pm,Coffee Shop,4.5 stars,207,3.50,106.50,0.0329,8.5,10.0,9.0,9.5,9.0,10.0,8.0,10.0,3.5,8.5,10.0,Y,"490,001",Chicken is a bit undercook but meat is very tender. Soup a bit salty
26,Hwa Kee Chicken Rice,"3 Coleman Street, Peninsula Shopping Centre, #01-12, Singapore 179804",179804,10:30am-5pm,Coffee Shop,4.8 stars,25,5.00,116.50,0.0429,6.5,6.5,7.0,6.5,8.0,8.5,8.5,8.5,3.0,7.5,7.5,N,9,"Bones are given (Need to minus 20g). Self service soup. Soup has chicken feet, red date, peanut and smell of barley. Perfect achar is given. Chilli is slightly sweet with a kick."
27,Wee Nam Kee Hainanese Chicken Rice Restaurant,"101 Thomson Rd, #01-08 United Square, Singapore 307591",307591,11am-9pm,Restaurant,4.2 stars,"1,400",5.60,188.90,0.0296,7.5,7.0,8.0,8.5,7.0,7.0,6.5,6.5,3.0,7.0,7.5,N,9,Chicken is tender but powdery. Flavour of the chicken is nice. Bones and wing are given (need to minus 30g). Rice is quite special. Soup is salty. Overall is averagely good.
28,88 Chicken Rice,"726 Clementi West Street 2, #01-137, Singapore 120726",120726,10am-2pm,Hawker,4.4 stars,24,3.80,105.10,0.0362,5.0,4.5,4.0,4.0,3.0,3.0,4.0,4.0,3.0,4.0,4.0,Y,"370,000","Rice is a bit hard, sauce has sesame, smells good but it's too oily, soup is blend, "
29,Jew Kit Hainanese Chicken Rice (Bukit Timah),"170 Upper Bukit Timah Rd, B1-/17/18, Singapore 588179",588179,10am-9pm,Restaurant,4 stars,241,5.80,69.00,0.0841,7.0,7.0,7.0,8.0,9.0,9.5,5.0,6.0,3.5,7.5,7.5,N,10,"Chicken is flavourful, might have marinated before cooked (extra 0.5 points given). gst is included. Chilli has a tangy taste, very fragrant."
30,Katong Mei Wei Boneless Chicken Rice,"865 Mountbatten Road #B1-85/87 Katong Shopping Centre, Singapore 437844",437844,10:45am-7pm,Coffee Shop,4.2 stars,"1,400",7.00,131.00,0.0534,6.5,6.5,7.5,7.0,8.0,7.5,10.0,10.0,3.0,7.5,7.5,N,43,"Flavour of everything is very nice, sauce is on the sweet side. Chicken is a bit tough. A whole plate of achar, really good value. Crispy thing on the chicken added flavour to the chicken. Cabbage soup is very good."
31,Boon Tong Kee @ Balestier,"Balestier Road 399 401 & 403, 329801",329801,11am-2:30pm,Restaurant,4.2 stars,"1,900",8.00,152.80,0.0524,8.0,9.0,8.5,8.5,5.0,5.0,-,-,3.0,8.0,7.5,N,9,Chilli jar is a bit disgusting. Rice is super fragrant. Takeaway set is $6. Dine in is $8 before gst. But the wait is long.
32,Seng Heng Hainanese Boneless Chicken Rice,"51 Upper Bukit Timah Rd, #02-177, Singapore 588215",588215,11am-3pm,Hawker,4.2 stars,57,4.00,92.00,0.0435,7.5,8.0,7.0,7.0,8.0,8.5,-,-,3.5,7.0,7.0,N,10,Queue is short but wait is 40min at 10:50am. Chilli and ginger aare quite salty. Parking is a problem at 10:50am.
33,Yi Qi Fa Hainan Chicken Rice,"809 Hougang Central, #01-178, Singapore 530809",530809,9:30am-7pm,Coffee Shop,4.3 stars,30,4.00,75.00,0.0533,6.5,7.0,6.5,7.0,6.0,6.0,6.5,5.0,3.5,6.5,7.0,N,21,"Chicken soup is given, self service soup. Everything is slightly salty."
34,Evertop Hainanese Boneless Chicken Rice Pte Ltd,"Clementi Ave 2, #01-259 Blk 354, Singapore 120354",120354,10:30am-9:30pm,Restaurant,4.2 stars,840,5.50,110.00,0.0500,7.0,7.0,8.0,7.5,7.0,6.0,5.0,5.0,2.0,7.0,7.0,N,9,"Halal, Achar is given in addition with cucumber, soup seems to have msg"
35,Hoe Kee Kitchen 和記雞飯小厨,"505 Jurong West Street 51, #01-39, Singapore 640504",640504,10am-6pm,Hawker,4.4 stars,12,3.00,44.00,0.0682,6.0,6.0,5.0,6.0,7.0,5.0,3.0,3.0,2.5,5.0,6.5,N,9,The soup was quite blend. It's on Michellin guide. $2.50 portion of chicken rice is available too. (Cheapest in Singapore)
36,Xing Yun Hainanese Boneless Chicken Rice,"347 Jurong East Ave 1, #01-202, Singapore 600347",600347,7am-2pm,Hawker,4.0 stars,64,3.50,67.00,0.0522,6.0,6.5,7.5,7.5,6.0,8.0,6.0,6.5,3.0,6.5,6.5,N,9,Tomato was given. The sauce around the chicken is sweet
37,Chung Ping Chicken Rice (#01-58),"29 Bendemeer Rd, #01-58, Singapore 330029",330029,1pm-7pm,Hawker,3.6 stars,16,3.50,67.00,0.0522,6.5,6.5,6.0,7.5,6.5,6.5,7.0,7.5,2.5,6.5,6.5,N,71,Pickled veggie is given but it's a bit salty. Cabbage soup is sweet.
38,Uncle Louis Chicken Rice,"19A Dover Cres, Singapore 131019",131019,11:30am-6:30pm,Coffee Shop,4.5 stars,88,4.00,98.70,0.0405,6.0,6.0,5.0,4.0,7.0,8.0,8.5,8.5,3.5,7.0,6.5,N,9,Ginger and Chilli are great. But rice is salty
39,Tiong Bahru Chicken Rice,"56 Smith St, Singapore 058961",058961,10:30am-11pm,Restaurant,4.1 stars,509,3.30,44.60,0.0740,6.0,6.5,6.5,6.5,4.0,6.0,6.5,5.5,3.0,6.0,6.0,N,10,"there are 6 tiong bahru CR stalls. Chilli alone is bitter but good after mixing with rice. Piickled veggie given. Soup tastes like bak ku teh soup, peppery style. Everything blends well together."
40,Nan Xiang Chicken Rice,"271 Tanjong Katong Rd, Singapore 437054",437054,9am-8pm,Coffee Shop,4.4 stars,286,4.00,85.00,0.0471,5.5,5.5,7.0,7.0,6.0,6.0,6.0,5.5,3.5,6.0,6.0,N,21,"Rice is a bit salty, chilli is spicy. But the overall taste is good."
41,AFE DELIGHTS. FENG FENG CHICKEN Rice,"304 Woodlands Street 31, Block 304, Singapore 730304",730304,8am-9pm,Coffee Shop,4.0 stars,121,4.00,87.00,0.0460,6.0,6.0,7.0,7.0,7.0,8.5,6.0,6.0,3.5,6.0,6.0,N,31,"On Google map, it's AFE and 丰丰. Chilli with rice is so good."
42,Pow Sing Kitchen,"59 Serangoon Garden Way, Singapore 555961",555961,10:30am-9pm,Restaurant,3.8 stars,671,4.55,72.50,0.0628,5.5,6.0,6.0,6.0,6.0,6.0,3.0,3.0,4.5,6.0,6.0,N,9,"Chicken, rice and soup are all salty. Bone included. Chicken near the bone part is really good. Price before gst is $4."
43,Shi Mei Hainanese Chicken Rice,"371 Bukit Batok Street 31, #01-326, Singapore 650371",650371,9:30am-7pm,Coffee Shop,4.3 stars,280,4.00,127.00,0.0315,7.5,7.5,5.0,4.0,8.0,8.5,5.0,5.0,3.5,5.5,5.0,Y,160,Rice taste like yam rice. Soup is quite salty. Sauce destroys the chicken taste.
44,Rong Hua Yuan Hainanese Chicken Rice,"16 Bedok S Rd, Singapore 460016",460016,11am-8pm,Hawker,3.7 stars,13,4.00,82.70,0.0484,5.0,4.0,5.0,4.0,4.0,3.0,6.0,6.0,3.0,4.0,3.5,Y,260,Cleanliness is questionable. Even the spoons are dirty.
45,San Xi Hainanese Chicken Rice,"29 Bendemeer Rd, #01-53, Singapore 330029",330029,9am-8pm,Hawker,3.8 stars,34,4.00,97.30,0.0411,6.5,6.5,8.0,8.5,4.0,4.0,8.5,8.5,3.0,7.0,6.0,Y,630,Chilli is weirdly bitter but spicy. Beansprout given.
46,Shun Fa Hainanese Boneless Chicken Rice & Porridge,"747 Yishun Street 72, #01-108, Singapore 760747",760747,-,Coffee Shop,4.1 stars,14,4.00,76.10,0.0526,6.0,6.0,3.0,2.0,5.0,8.0,3.0,5.0,2.0,4.0,4.0,Y,630,Tomato is given. But the soup and chicken has a weird (alkaline) taste.
47,Mun Fu Chicken Rice,"527 Ang Mo Kio Ave 10, #01-110, Singapore 560527",560527,11am-7:30pm,Hawker,4.6 stars,32,4.00,97.70,0.0409,8.0,7.5,7.5,7.5,7.5,7.0,5.0,4.0,3.0,7.0,7.0,Y,"1,900",Sauce was a little oily
48,Zhou Kee Hainanese Chicken & Roasted Rice,"527 Ang Mo Kio Ave 10, Singapore 560527",560527,9am-8pm,Hawker,3.3 stars,23,4.00,107.70,0.0371,8.0,7.0,6.0,6.0,7.0,7.0,4.0,3.0,3.0,6.0,6.0,Y,"3,400","Bones were given hence heaevier, flavour of the chicken was not there."
49,Xin Kee Hainanese Chicken Rice,"51 Old Airport Rd, #01-105, Singapore 390051",390051,8:30am-4:30pm,Hawker,3.9 stars,17,4.00,66.00,0.0606,8.5,9.0,6.0,7.0,6.0,7.0,6.0,7.0,3.5,7.0,8.0,Y,"11,000",Rice has a nice aftertaste. Chicken has no flavour.
50,Ever Fragrant Chicken Rice 万里香鸡饭,"14 Haig Rd, #01-41, Singapore 430014",430014,,Hawker,3.9 stars,12,4.00,148.40,0.0270,5.0,5.0,5.0,5.0,5.0,5.0,7.5,7.0,2.0,6.0,6.0,Y,"15,000",Soup has lotus root taste. Sugar is present in sauce and chilli. Chilli with rice is 8/10/
51,Weng Hua Yuan(Boneless) Hainanese Chicken Rice,"51 Old Airport Rd, #01-119, Singapore 390051",390051,9:30am-7pm,Hawker,4.5 stars,20,4.00,49.50,0.0808,3.0,3.0,5.0,5.0,5.0,5.0,3.0,3.0,3.0,4.0,3.0,Y,"21,000",Rice is hard that taster 2 refused to rate
52,Rex Hainan Chicken Rice and Beef Kway Teow,"#03-176 Taman Jurong Market and Food Centre, 3 Yung Sheng Rd, 618499",618499,10:30am-3:30pm,Hawker,3.9 stars,11,4.00,140.00,0.0286,2.0,1.0,0.0,1.0,2.0,1.0,2.0,1.0,1.0,2.0,0.0,Y,"25,000","Run out of normal chicken, gave drumstick, but drumstick was not tender."
53,Sin Kee Famous Chicken Rice,"6 Holland Cl, #01-36 Block 6, Singapore 271006",271006,9am-8:30pm,Coffee Shop,3.8 stars,228,4.00,83.90,0.0477,7.0,6.5,7.0,6.5,5.0,5.0,-,-,3.0,7.0,6.0,Y,"37,000",No soup. Bones were given that increases the weight.
54,Sukarnih Chicken Rice,"38A Margaret Dr, #01-33, Singapore 142038",142038,10am-7pm,Coffee Shop,4.9 stars,15,5.00,73.10,0.0684,6.0,6.0,5.0,6.0,6.0,7.0,6.5,7.0,3.5,6.0,6.0,N,57,Halal. Soup is a bit salty
55,Sedap Corner Nasi Ayam Hainan,"01-40 Bukit Batok Central, Block 640, Singapore 650640",650640,9:30am-9pm,Coffee Shop,3.5 stars,37,6.00,179.70,0.0334,6.0,6.0,6.0,6.5,7.0,8.0,5.0,5.0,3.5,6.0,6.0,N,71,"No more breast meat, had drumstick and wing hence heavier. Nice picked veggie. Chilli is sour but nice."
56,Lam Bee Chicken Rice,"78 Circuit Rd, #01-470 within Grains & Hops, Block 78, Singapore 370078",370078,7am-7pm,Coffee Shop,4.0 stars,68,3.50,78.50,0.0446,5.0,6.0,7.0,8.0,4.0,4.0,5.0,7.0,3.5,5.5,5.5,N,9,Soup is salty. Chilli tastes spoiled.
57,Xiang Ji Hainanese Chicken Rice,"14 Haig Rd, #01-34, Singapore 430014",430014,9am-7pm,Hawker,4.1 stars,14,4.00,75.90,0.0527,6.0,6.0,6.0,5.5,6.5,5.5,6.5,5.5,3.0,6.5,5.5,N,9,"Overall is good, a normal chicken rice"
58,Sing Soon Lee Hainanese Boneless Chicken Rice (#01-93),"628 Ang Mo Kio Ave 4, #01-93, Singapore 560628",560628,10:30am-6pm,Hawker,4.5 stars,53,4.00,62.80,0.0637,5.0,5.0,7.0,7.0,5.0,6.0,5.0,3.0,2.5,6.0,5.5,N,10,Super long queue but not super delicious. Chilli with rice was nice
59,Ming Kee Chicken Rice,"511 Bishan Street 13, #01-522 Kim San Leng Coffee Shop, Singapore 570511",570511,9:30am-8pm,Coffee Shop,4.0 stars,316,4.50,103.00,0.0437,7.0,7.0,6.0,6.0,3.0,2.0,5.0,4.0,3.0,5.5,5.0,Y,110,Chicken is tender but powdery. Lots of spring onion given on chicken. Rice is wet. Chilli no good. Soup is salty.
60,Qi Le Boneless Chicken Rice,"744 Yishun Street 72, #01-197, Singapore 760744",760744,open 24 hours,Coffee Shop,3.1 stars,38,4.50,68.20,0.0660,6.0,6.0,3.0,3.0,5.0,5.0,8.0,8.5,3.0,5.5,5.5,Y,440,Beansprout given. Soup is full of ingredient.
61,Margaret Drive Chicken Rice,"40 Holland Dr, Singapore 270040",270040,11am-6pm,Coffee Shop,4.1 stars,383,4.50,59.60,0.0755,4.0,4.0,8.0,6.0,7.0,7.0,-,-,3.5,5.5,5.5,Y,"1,100","In a coffee shop, long queue even at 11am. Chilli is good. Chilli + rice + sauce is good. No soup."
62,Le Da Chicken Rice,292 Bukit Batok East Ave 6,652292,9:30am-8:30pm,Coffee Shop,3.2 stars,13,4.50,87.00,0.0517,5.0,4.5,6.0,5.0,6.0,5.0,-,-,3.0,6.0,5.0,Y,"1,300",Normal standard chicken rice. But sauce overpowers chicken.
63,Kim Kee Hainanese Chicken Rice,"221B Boon Lay Pl, #01-116, Singapore 642221",642221,9am-7pm,Hawker,3.1 stars,14,4.50,78.00,0.0577,4.0,2.0,2.0,2.0,3.0,6.0,7.0,7.0,3.5,3.0,2.0,Y,"1,500","rice no taste, soup is good. soup is special"
64,Sin Ming Rd Chicken Rice,"151 Bishan Street 11, Block 151, Singapore 570151",570151,10:30am-8pm,Restaurant,4.4 stars,61,4.50,65.00,0.0692,7.5,7.5,8.0,8.0,6.0,5.0,6.0,6.0,3.5,7.0,6.5,Y,"30,000",Rice is salty. Everything is nice on their own but the entire combination is not nice together.
65,De Sinn Chicken Rice at Yishun,"461 Yishun Ave 6, #01-16 Prime Court, Singapore 760461",760461,11am-8pm,Coffee Shop,3.9 stars,91,4.30,74.50,0.0577,5.0,5.5,7.0,7.5,5.0,5.0,5.0,5.0,3.0,5.0,5.5,N,10,Stall is Halal. There is a tint of sweetness in the soup and and sauce.
66,Feng Ji Chicken Rice,"225 River Valley Rd, Singapore 238283",238283,,Restaurant,4.3 stars,267,4.90,95.40,0.0514,9.0,9.5,8.0,9.0,8.0,9.0,-,-,3.0,9.0,9.5,Y,580,"Chicken is very tender, fragrant, got sesame smell. Abit oily. Pickled veggie is good."
67,Sinn Ji Hainanese Chicken Rice,"273 Thomson Rd, #01-05 Novena Gardens, Singapore 307644",307644,11am-8:30pm,Restaurant,4.3 stars,307,5.50,103.00,0.0534,5.5,5.0,6.5,5.5,5.5,6.0,5.5,5.5,3.0,6.0,5.5,N,9,"Chilli taste is very fresh, everything else is normal. Service is quite good."
68,Chye Kee Hainanese Chicken Rice,"226H Ang Mo Kio Street 22, Singapore 568226",568226,8am-7pm,Hawker,4.0 stars,11,4.00,97.00,0.0412,7.5,8.0,6.5,7.0,3.0,2.0,5.0,5.0,3.0,6.5,5.0,N,9,"Flavour of chicken is nice, soup normal"
69,Fu Ji Hainanese Boneless Chicken Rice,"51 Upper Bukit Timah Rd, #02-191, Singapore 588215",588215,9:30am-6pm,Hawker,3.8 stars,15,4.00,46.50,0.0860,5.5,5.0,5.0,5.0,4.0,3.0,3.0,5.0,4.0,5.0,5.0,N,9,"Soup and rice are salty, rice no fragrant. Chicken rice sauce is fragrant. Stall owner might have attitude issue."
70,Clementi Hong Kee Villa,"448 Clementi Ave 3, #01-25, Singapore 120448",120448,9:30am-8pm,Hawker,3.3 stars,41,4.00,89.00,0.0449,5.0,5.0,5.0,5.0,5.0,5.0,7.0,5.0,5.0,5.0,5.0,N,9,"Chicken is not dry but it's powdery. Chilli has mild spiciness and max spiciness. Has shredded carrot. Soup contains red bean, special."
71,Boon chiang hainanese chicken rice,"301 Punggol Central, Singapore 822303",822303,9:30am-8pm,Coffee Shop,3.0 stars,92,4.00,49.50,0.0808,5.5,5.5,5.5,5.0,7.0,7.5,6.0,5.0,2.5,5.5,5.0,N,10,"11 stalls of boon chiang cr, this is the highest number of review. Their chilli is special."
72,Nam Kee Chicken Rice Restaurant,"201 Upper Thomson Rd, Singapore 574343",574343,10:45am-8:30pm,Restaurant,4.1 stars,513,5.00,61.80,0.0809,4.0,3.0,6.0,5.0,6.5,7.0,5.0,5.0,4.5,5.0,4.0,Y,830,Salty. Chilli with rice was good. 8% GST inclusive. Not worth it.
73,Heng Heng Chicken Rice,"1 Kadayanallur St, Singapore 069184",069184,11am,Hawker,3.5 stars,80,5.00,74.00,0.0676,5.0,5.0,4.5,3.0,6.0,7.0,5.5,6.0,3.0,5.0,5.0,Y,"1,200",Stall owner is very nice. Ginger is extremely salty.
74,Ah Tai Hainanese Chicken Rice (#01-07),"1 Kadayanallur St, #01-07, Singapore 069184",069184,11am-7pm,Hawker,4.4 stars,243,5.00,54.90,0.0911,7.5,7.5,6.0,6.0,9.0,9.0,5.0,5.0,3.0,7.5,7.5,Y,"2,400","Stall owner got attitude problem. Auto-upgraded to $6. The chilli has garlic/ginger chunks, very good."
75,Sam Leong Hainanese Chicken Rice,"5 Verdun Rd, Singapore 207274",207274,9am-8pm,Coffee Shop,4.2 stars,27,5.00,108.00,0.0463,5.0,5.5,7.0,7.0,4.0,5.0,7.5,7.5,3.0,6.0,5.5,Y,"490,001",Peanut soup. Sauce is not bad. Chilli is given.
76,Maxwell Hainanese Chicken Rice #01-40,"1 Kadayanallur St, #01-40, Singapore 069184",069184,10:30am-9pm,Hawker,4.7 stars,29,5.00,70.00,0.0714,6.0,5.0,6.0,7.0,5.0,3.0,5.5,6.0,3.5,5.5,5.0,Y,"490,001",Chilli and soup are salty. 
77,Tong Kee Chicken Rice 东记鸡饭,"38A Margaret Dr, #01-36, Singapore 142038",142038,10:30am-7pm,Coffee Shop,4.1 stars,59,4.00,93.70,0.0427,4.5,5.0,6.0,7.0,5.0,6.0,3.0,4.0,3.0,5.0,5.0,N,10,"Soup is a little blend, chilli + rice is quite good."
78,Fragrance Garden Chicken Rice,"18 Raffles Quay, Singapore 048582",048582,10:30am-9pm,Hawker,4.2 stars,25,5.30,41.50,0.1277,6.0,5.0,5.0,5.5,5.0,5.0,4.0,3.0,4.5,5.0,4.0,Y,"21,000","Chicken, rice, soup are all very salty"
79,Kim Eng Chicken Rice NEWest,"1 W Coast Dr, #01-72 NEWest, Singapore 128020",128020,11am-7:30pm,Restaurant,4.6 stars,93,5.50,70.00,0.0786,6.0,4.0,5.0,5.0,6.0,5.0,5.0,7.0,3.0,5.5,5.0,N,9,"Typical chicken rice, soup is light and good, fresh cucumber and tomato slices."
80,Go-Ang Pratunam Chicken Rice (NEX),"23 Serangoon Central, #B1-05/06, Singapore 556083",556083,11am-10pm,Restaurant,4.3 stars,"1,886",5.89,40.80,0.1444,7.0,7.0,7.0,7.0,3.0,1.0,-,-,2.0,5.0,5.0,N,21,Michellin Bib gourmet. Chicken has strange smell (smelly). Chilli has a mix of ketchup. gst and service charge is also included for take away.
81,Lucky Chicken Rice,"02 110 Orchard Rd, Lucky Plaza, Singapore 238863",238863,10:30am-6pm,Restaurant,4.2 stars,469,6.50,92.50,0.0703,5.0,4.0,6.5,5.5,7.0,7.0,6.5,6.5,3.0,6.0,5.0,N,45,Chicken is tender but powdery. Tomato is given.
82,SENG KEE CHICKEN RICE 新奇鸡饭,commonwealth crescent market & food centre #02-78,149644,7:30am-1:15pm,Hawker,4.2 stars,13,3.00,72.80,0.0412,3.0,3.0,4.0,3.0,4.0,5.0,9.0,8.0,3.0,5.0,4.0,N,9,Watercres soup is very nice
83,Eng Kee Hainanese Boneless Chicken Rice & Porridge,"4A Eunos Cres, #01-34, Singapore 402004",402004,7am-8pm,Hawker,4.3 stars,47,3.50,80.00,0.0438,3.0,3.0,4.0,3.5,6.0,6.0,5.5,5.0,2.5,5.0,4.0,N,33,Beansprout is given. Rice has no taste.
84,Pin Xiang Hainanese Chicken Rice 品香雞飯,"208B New Upper Changi Rd, #01-03, Singapore 462208",462208,9:30am-9:30pm,Hawker,3.6 stars,173,3.80,95.20,0.0399,5.0,5.0,5.0,5.0,5.0,5.0,5.0,3.0,2.0,5.0,4.0,N,89,"Rice is fragrant but dry, has pickled veggie. But some sand in cucumber. Google review stated: low hygiene level"
85,Lao Wang Kampong Bean Sprout Chicken Rice Hor Fun,"130 Sims Ave, Singapore 387453",387453,11am-9pm,Coffee Shop,3.6 stars,62,5.50,91.00,0.0604,7.5,7.0,7.5,7.5,7.0,7.0,6.5,5.0,3.0,8.0,8.0,Y,"1,400","Ginger adds 0.5 to the score. Ginger is so good, but oily. Soup is salty."
86,Nan Heng Hainanese Chicken Rice (#02-28),"163 Bukit Merah Central, #02-28, Singapore 150163",150163,11:30am-7pm,Hawker,3.8 stars,35,4.00,54.70,0.0731,4.0,5.0,5.0,4.0,6.0,6.0,3.0,3.0,3.0,4.0,4.0,N,9,Chilli is nice with rice. 
87,Leong Hainanese Chicken Rice,"320 Shunfu Rd, #02-22 Shunfu Mart Food Centre, Singapore 570320",570320,10am-7pm,Hawker,4.0 stars,23,4.50,63.80,0.0705,6.5,5.0,4.0,4.0,4.0,3.0,4.0,3.0,4.5,5.0,4.0,N,9,"Chicken tasted salty, chicken skin was slightly crispy. Beansprout was used to replace cucumber."
88,Leong Yeow Famous Waterloo St Chicken Rice,"270 Queen St, #01-49, Singapore 180270",180270,11am-8pm,Coffee Shop,3.2 stars,17,5.00,92.60,0.0540,3.0,4.0,6.5,5.0,3.0,3.0,6.0,5.0,3.0,4.0,4.0,N,33,Owner auto-upgraded to $5 instead of standard $4. Rice is short grain rice. Soup has egg taste.
89,Chicky Fun Chicken Rice,"1 Jurong West Central 2, #B1-42/43/44, Stall #02 Cantine Food Court, Singapore 648886",648886,7:30am-9:30pm,Food court,1.3 stars,6,5.50,70.00,0.0786,6.0,5.0,3.0,2.0,3.0,1.0,5.0,5.0,3.5,4.0,4.0,N,9,"Stall had really bad review, so we pick it to check if there is bacteria. Cucumber was a bit spoilt"
90,New Teck Kee Chicken Rice,"450 Upper Bukit Timah Rd, Rail Mall, Singapore 678069",678069,10am-9pm,Restaurant,3.8 stars,238,6.00,93.60,0.0641,7.0,7.5,7.0,7.0,5.0,6.0,-,-,3.0,6.0,4.0,N,9,"Chicken is tender, everything is good but the oyster sauce destroys the taste. Chilli is quite diluted"
91,Lao Hung Jia,"Stall No: #03-154, Taman Jurong Market and Food Centre, 3 Yung Sheng Road, 618499",618499,10am-3pm,Hawker,4.5 stars,26,3.50,130.00,0.0269,4.0,2.0,4.0,4.0,5.0,5.0,4.0,4.0,3.0,4.5,3.0,N,9,"Run out of normal chicken, gave chicken wing. Beansprout and tomato were different"
92,Chicken house,"255 Upper Thomson Rd, Singapore 574382",574382,10:30am-7:30pm,Restaurant,4.2 stars,658,6.00,108.00,0.0556,7.5,7.5,5.0,5.0,6.0,7.0,7.0,7.0,3.5,7.5,8.0,Y,480,Green Ginger paste was legitly good. But the restaurant only takes cash.
93,Tian Tian Hainanese Chicken Rice,"1 Kadayanallur St, #01-10/11, Singapore 069184",069184,10am-7:30pm,Hawker,4.0 stars,"3,500",6.00,167.00,0.0359,6.0,6.0,8.0,8.5,8.0,8.0,-,-,3.0,6.5,6.5,Y,"490,001",Generous portion of chicken. Bones given (need to minus 30g). Seller has attitude problem. Chicken is tender but powdery. Chilli and soup are salty. A bit on the oily side.
94,OK Chicken Rice,"721 Ang Mo Kio Ave 8, Foodloft Coffeeshop, Singapore 560721",560721,10am-8:30pm,Coffee Shop,4.4 stars,303,4.00,41.60,0.0962,3.0,2.0,6.0,7.0,6.0,4.0,-,-,3.5,3.0,3.0,N,9,"Rice was hard, and there was MSG in food. Owner auto-upgrade to $5 plate without asking."
95,Yeo Keng Nam Chicken Rice,"8 Braddell Rd, Singapore 359898",359898,10:30am-3pm,Restaurant,3.5 stars,410,6.50,131.00,0.0496,6.0,5.5,6.0,5.5,6.0,5.0,4.0,4.0,3.5,5.5,5.0,Y,"17,000","Chicken is tender but powdery, bones given, need to minus 30g for bones. Thigh meat is nice. Soup is salty."
96,Boon's Chicken Rice,"49 Sims Pl, #01-24, Singapore 380049",380049,9:30am-2:30pm,Hawker,5.0 stars,21,3.50,79.50,0.0440,3.0,2.5,3.0,3.0,4.0,4.0,4.0,4.0,2.5,3.5,2.0,N,21,"Chicken is dry, tough and powdery. Chilli is diluted and has sugar."
97,Loy Kee Chicken Rice,"342 Balestier Rd, Singapore 329774",329774,10am-9:30pm,Restaurant,4.3 stars,"1,200",7.00,150.00,0.0467,9.0,9.0,8.0,7.5,8.0,8.0,6.0,6.0,3.0,9.0,9.0,Y,"4,700",Ginger is so good. Soup is salty but the taste of soup is good. Bones given (need to minus 20g) Tomato and cucumber given.
98,Five Star Kampung Chicken Rice & Kitchen,"191 E Coast Rd, Singapore 428897",428897,11am-2am,Restaurant,4.0 stars,810,7.50,64.40,0.1165,3.0,3.0,3.0,3.0,5.0,5.0,3.0,3.0,4.0,3.0,2.0,N,10,"3 stalls of Five star chicken rice. Soup is salty. White rice has butter smell, white rice filmed. $6.20 for the chicken breast which is powdery and overcooked, $1.30 for the rice. Overall experience sucks."
99,Hawa Chicken Rice,537 Bedok North Street 3 #01-539 Singapore 460537,460537,12pm-10pm,Restaurant,3.9 stars,83,4.50,120.80,0.0373,2.0,1.5,2.0,1.0,2.0,1.0,3.0,3.0,3.0,2.0,1.0,N,10,"Drumstick is not bad but the breast is bad. Need to minus 30g for the bones. Inconsistent, give drumstick for dining in and chicken breast for take away."
100,Chatterbox,"333 Orchard Rd, #05-03 Hilton, Singapore 238867",238867,11am,Restaurant,4.0 stars,722,27.00,169.50,0.1593,8.0,7.5,8.0,8.0,8.0,9.0,6.5,7.5,3.5,7.5,7.5,Y,"7,800",Cabbage and cherry tomato are given. Chicken texture is different. Everything else is normal. There is tofu in the soup.
101,Lian Seng Chicken Rice,"40 Beo Cres, #01-16, Singapore 160040",160040,,,5.0 stars,1,,,,,,,,,,,,,,,,,
102,Jin Jin Hainanese Chicken Rice,"44 Holland Dr, Singapore 270044",270044,,,5 stars,1,,,,,,,,,,,,,,,,,
103,Yong Kee Hainanese Chicken Rice 永记海南鸡饭,"347 Jurong East Ave 1, #01-175, Singapore 600347",600347,,,5.0 stars,1,,,,,,,,,,,,,,,,,
104,Yi Bu Yi Jiao Yin Hainanese Chicken Rice,"Teban Gardens Rd, #01-22 37A, Singapore 601037",601037,,,4 stars,1,,,,,,,,,,,,,,,,,
105,Zhen Pin Wei Traditional Hainanese Chicken Rice,"41 Cambridge Rd, #01-05, Singapore 210041",210041,,,3.5 stars,2,,,,,,,,,,,,,,,,,
106,29 Singapore Chicken Rice 29新加坡鸡饭,"117 Aljunied Ave 2, #01-29, Singapore 380117",380117,,,5.0 stars,2,,,,,,,,,,,,,,,,,
107,Soon Yi Chicken Rice,"16 Bedok S Rd, #01-30, Singapore 460016",460016,,,5.0 stars,2,,,,,,,,,,,,,,,,,
108,338 鸡饭 Chicken Rice,"No. 17 Woodlands Link, Singapore 738727",738727,,,4.0 stars,2,,,,,,,,,,,,,,,,,
109,Yong Huat Chicken Rice,"137 Tampines St. 11, #01-12 Round Market & Food Centre, Singapore 522137",522137,,,4.3 stars,3,,,,,,,,,,,,,,,,,
110,Petir Chicken Rice,"1 Jelebu Rd, #03-08, Singapore 677743",677743,,,4.0 stars,3,,,,,,,,,,,,,,,,,
111,Yuan Ji Chicken Rice,"533 Choa Chu Kang Street 51, Singapore 680533",680533,,,5 stars,3,,,,,,,,,,,,,,,,,
112,Chen Ji Hainanese Chicken Rice,"48A Tanglin Halt Rd, #01-24, Singapore 148813",148813,,,4.3 stars,4,,,,,,,,,,,,,,,,,
113,Hainanese Chicken Rice (海南鸡饭),"490 North Bridge Rd, Singapore 188736",188736,,,3.5 stars,4,,,,,,,,,,,,,,,,,
114,Poh Kee Chicken Rice 傅记,"206 Toa Payoh N, #01-1197, Singapore 310206",310206,,,4.3 stars,4,,,,,,,,,,,,,,,,,
115,Good Luck Boneless Chicken Rice (好运起骨鸡饭),"769 Yishun Ave 3, #01-277, Singapore 760769",760769,,,5 stars,4,,,,,,,,,,,,,,,,,
116,Clementi 448 Chicken Rice,"01-18 Clementi Ave 3, Singapore 120448",120448,,,2.8 stars,5,,,,,,,,,,,,,,,,,
117,Chicken Rice,"73A Ayer Rajah Crescent, #01-18 JTC LaunchPad, Singapore 139957",139957,,,5 stars,5,,,,,,,,,,,,,,,,,
118,Sin Heng Kee Hainanese Chicken Rice (#01-34),"6 Jalan Bukit Merah, #01-34, Singapore 150006",150006,,,4.2 stars,5,,,,,,,,,,,,,,,,,
119,888 强记海南鸡饭 (888 Chicken Rice),"20 Ghim Moh Rd, #01-46, Singapore 270020",270020,,,4.4 stars,5,,,,,,,,,,,,,,,,,
120,Sin Kee Famous Cantonese Chicken Rice,"44 Holland Dr, #02-18, Singapore 270044",270044,,,4.2 stars,5,,,,,,,,,,,,,,,,,
121,Hong Kee Chicken Rice,"4A Jln Batu, #01-36, Singapore 432004",432004,,,4.6 stars,5,,,,,,,,,,,,,,,,,
122,Tong Fong Fatt Hainanese Chicken Rice (My Nasi Ayam),"1 Bedok Rd, Singapore 469572",469572,,,4.2 stars,5,,,,,,,,,,,,,,,,,Went to Gim Moh outlet
123,Poh Poh Roasted Chicken Rice,"37A #01-15, 37 Teban Gardens Rd, 600037",600037,,,4.2 stars,5,,,,,,,,,,,,,,,,,
124,Boon Chiang Hainanese Chicken Rice,"491 Jurong West Ave 1, Singapore 640491",640491,,,2.6 stars,5,,,,,,,,,,,,,,,,,
125,Ché Ani Chicken Rice,"134 Bukit Batok West Ave 6, Singapore 650134",650134,,,4.6 stars,5,,,,,,,,,,,,,,,,,
126,Xing Le Xing Hainanese Chicken Rice,"810 Choa Chu Kang Ave 7, #01-11, Singapore 808101",808101,,,2.6 stars,5,,,,,,,,,,,,,,,,,
127,OK Chicken Rice (West Coast),"501 W Coast Dr, Singapore 120501",120501,,,5 stars,6,,,,,,,,,,,,,,,,,
128,Xing Le Xing Hainanese Chicken Rice,"727 Clementi West Street 2, #01-1294, Singapore 120727",120727,,,1.8 stars,6,,,,,,,,,,,,,,,,,
129,Yong Seng Chicken & Duck Rice,"20 Marsiling Ln, #01-10, Singapore 730020",730020,,,4.3 stars,6,,,,,,,,,,,,,,,,,
130,Yuan Chicken Rice,"19 Marsiling Ln, Singapore 739152",739152,,,4.8 stars,6,,,,,,,,,,,,,,,,,
131,Dong Dong Hainanese Chicken Rice (#01-1110),"32 New Market Rd, #01-1110, Singapore 050032",050032,,,2.4 stars,7,,,,,,,,,,,,,,,,,
132,Song Kee Chicken Rice 松记鸡饭,"24 Sin Ming Rd, #01-51, Singapore 570024",570024,,,4.4 stars,7,,,,,,,,,,,,,,,,,
133,Happiness Hainanese Chicken Rice ,"144 Upper Bukit Timah Rd, #04-28, Singapore 588177",588177,,,3.9 stars,7,,,,,,,,,,,,,,,,,
134,Encik Heng chicken rice & roasted pork,"2 Venture Dr, Singapore 608526",608526,,,4.4 stars,7,,,,,,,,,,,,,,,,,
135,Hong Feng Chicken Rice,"505 Jurong West Street 52, #01-36, Singapore 640505",640505,,,4.9 stars,7,,,,,,,,,,,,,,,,,
136,Hiang Lee Chicken Rice,"221A Boon Lay Pl, #01-159, Singapore 641221",642221,,,4.4 stars,7,,,,,,,,,,,,,,,,,
137,Jade Chicken Rice Restaurant,"10 Anson Rd, #01-04 International Plaza, Singapore 079903",079903,,,4.6 stars,8,,,,,,,,,,,,,,,,,
138,不正宗 Hainanese Chicken Rice,"120 Bukit Merah Lane 1, #01-53, Singapore 150120",150120,,,3.7 stars,8,,,,,,,,,,,,,,,,,
139,Teck Kee Hainanese Chicken Rice,"44 Holland Dr, #03-29, Singapore 270044",270044,,,3.5 stars,8,,,,,,,,,,,,,,,,,
140,Singapore Hainanese Chicken Rice,"67 Frankel Ave, Singapore 458194",458194,,,4.5 stars,8,,,,,,,,,,,,,,,,,
141,Chang Cheng Boneless Chicken Rice (长城起骨鸡饭),"154 Bukit Batok Street 11, Singapore 650154",650154,,,3.9 stars,8,,,,,,,,,,,,,,,,,
142,Ming Ji Chicken Rice,"326 Woodlands Street 32, #01-103 Block 326, Singapore 730326",730326,,,4.4 stars,8,,,,,,,,,,,,,,,,,
143,Sergeant Hainanese Chicken Rice,"30 Tai Seng St, Singapore 534013",534120,,,2.4 stars,9,,,,,,,,,,,,,,,,,
144,Mian Ji Fan chicken rice,"153 Serangoon North Ave 1, #01-512, Singapore 550153",550153,,,4.7 stars,9,,,,,,,,,,,,,,,,,
145,Ding's Hainanese Boneless Chicken Rice (#01-33),"2 Seah Im Rd, #01-33, Singapore 099114",099114,,,4.5 stars,10,,,,,,,,,,,,,,,,,
146,Millennium Hainan Chicken Rice,"90 Whampoa Dr, #01-55, Singapore 320090",320090,,,4.8 stars,10,,,,,,,,,,,,,,,,,
147,Kheng Hai Hui Boneless Chicken Rice (#01-25),"51 Old Airport Rd, #01-25, Singapore 390051",390051,,,4.3 stars,10,,,,,,,,,,,,,,,,,
148,Mandarin Chicken Rice,"511 Bedok North Street, #3, Singapore 460511",460511,,,4.5 stars,10,,,,,,,,,,,,,,,,,
149,Lim Kee Chicken Rice (林记鸡饭),"440 Pasir Ris Drive 4, Singapore 510440",510440,,,4.2 stars,10,,,,,,,,,,,,,,,,,
150,De Sinn Chicken Rice at Pasir Ris,"Blk 623 Elias Road #01-10 Elias Mall, Coffee United, 510623",510623,,,3.1 stars,10,,,,,,,,,,,,,,,,,
151,Malaysia Kampong Chicken Rice,"524a Jelapang Rd, #01-01, Singapore 671524",671524,,,2.8 stars,10,,,,,,,,,,,,,,,,,
152,My Kampung Chicken Rice,"676 Woodlands Drive 71, Level 2 Kampung Admiralty Hawker Centre, Singapore 730676",730676,,,2.4 stars,10,,,,,,,,,,,,,,,,,
153,139 Hainan Chicken Rice,"254 Jurong East St 24, #01-39, Singapore 600254",600254,10:30am-2pm,Hawker,4.4 stars,11,,,,,,,,,,,,,,,,,Went twice and was closed both time
154,Tong Fong Fatt 东风发鸡饭,"691 Woodlands Drive 73, Singapore 737942",737942,,,2.3 stars,12,,,,,,,,,,,,,,,,,Went to Gim Moh outlet
155,Sheng Kee Traditional Chicken Rice,"70 Zion Rd, #01-08, Singapore 247792",247792,-,Hawker,4.4 stars,13,,,,,,,,,,,,,,,,,Name Changed
156,Sing Soon Lee Hainanese Boneless Chicken Rice,85 Bedok North Rd,470085,,,4.1 stars,13,,,,,,,,,,,,,,,,,Went to Ang Moh Kio outlet
157,Tong Fong Fatt Hainanese Boneless Chicken Rice,"88 Market St, Singapore 048948",048948,,,1.9 stars,14,,,,,,,,,,,,,,,,,Went to the Gim Moh outlet
158,Hong Shi Chicken Rice,"735 Pasir Ris Street 72, Singapore 510734",510734,9:30am-9:30pm,Coffee Shop,4.0 stars,14,,,,,,,,,,,,,,,,,"Stall closed 1 time when I went, the other time no steam chicken"
159,Dong Dong Hainanese Chicken Rice,"1 Park Road, People's Park Complex, Singapore 059108",059108,-,Hawker,2.5 stars,15,,,,,,,,,,,,,,,,,Closed due to hawker renovation
160,Mei Feng Chicken Rice 美豐鸡饭,"506 Tampines Central 1, Singapore 520506",520506,,,3.9 stars,15,,,,,,,,,,,,,,,,,Permanently closed
161,Ji De Lai Hainanese Chicken Rice,"#01-152, Chong Pang Market & Food Centre, 105 Yishun Ring Rd, Singapore 760105",760105,7am-6pm,Hawker,3.2 stars,15,,,,,,,,,,,,,,,,,Went twice and was closed both time
162,Tiong Bahru Hainanese Boneless Chicken Rice,"431 Clementi Ave 3, Block 431, Singapore 120431",120431,,,3.1 stars,17,,,,,,,,,,,,,,,,,Went to the Chinatown outlet
163,Mui Kee Chicken Rice,"264 Tampines St. 21, Singapore 520264",530264,9:30am-3pm,Coffee Shop,4.2 stars,19,,,,,,,,,,,,,,,,,Went twice and was closed both time
164,SP3 Chicken Rice,"500 Dover Rd, #3 Singapore Polytechnic, Foodcourt, Singapore 139651",139651,,,4.7 stars,20,,,,,,,,,,,,,,,,,Stall fulfilled criteria but was omitted because it is located in a school.
165,Whampoa Nan Xiang Chicken Rice,"90 Whampoa Dr, #01-21, Block 90 Hawker Centre, Singapore 320090",320090,10am-9pm,Hawker,4.0 stars,22,,,,,,,,,,,,,,,,,Went to Haig Road outlet
166,Boon Heng Atas Chicken Rice 文兴一品鸡 新加坡海南鸡饭,"795A Yishun Ring Rd, Singapore 761795",050032,10:30am-8pm,Hawker,4.8 stars,24,,,,,,,,,,,,,,,,,Went twice and was closed both time
167,Tiong Bahru Hainanese Boneless Chicken Rice,"30 Seng Poh Rd, #02-82, Singapore 168898",168898,,,4.1 stars,27,,,,,,,,,,,,,,,,,Went to the Chinatown outlet
168,Tong Fong Fatt Hainanese Boneless Chicken Rice,"22 Lor 7 Toa Payoh, #01-24 Kim Keat Palm Market & Food Centre, Singapore 310022",310022,,,3.2 stars,27,,,,,,,,,,,,,,,,,Went to  Gim Moh outlet
169,Seng Heng Hainanese Boneless Chicken Rice (Geylang East),"117 Aljunied Ave 2, #01-73, Singapore 380117",380117,,,4.6 stars,27,,,,,,,,,,,,,,,,,Went to Bukit Timah outlet
170,Xiang Ji Chicken Rice,"630 Bedok Reservoir Rd, #01-26, Singapore 470630",470630,11am-5:30pm,Hawker,3.9 stars,27,,,,,,,,,,,,,,,,,Went twice and was closed both time
171,Tong Fong Fatt Hainanese Boneless Chicken Rice,"22 Lor 7 Toa Payoh, #01-24 Kim Keat Palm Market and Food Centre, Singapore 310022",310022,,,3.3 stars,28,,,,,,,,,,,,,,,,,Went to Gim Moh outlet
172,Boon Chiang Hainanese Chicken Rice,"Tampines Street 42, Block 445, Singapore 520445",520445,,,3.9 stars,28,,,,,,,,,,,,,,,,,Went to the Punggol outlet
173,Jew Kit Hainanese Chicken Rice,"273 Bukit Batok East Ave 4, Singapore 650273",650273,,,2.6 stars,30,,,,,,,,,,,,,,,,,Went to Bukit Timah outlet
174,Tong Fong Fatt Hainanese Boneless Chicken Rice,"409 Ang Mo Kio Ave 10, #01-10, 409 AMK Market and Food Centre, Singapore 560409",560409,,,2.4 stars,32,,,,,,,,,,,,,,,,,Went to Gim Moh outlet
175,Tong Fong Fatt Hainanese Boneless Chicken Rice,"1 Amoy St, Singapore 049944",049944,,,2.9 stars,34,,,,,,,,,,,,,,,,,Went to the Gim Moh outlet
176,PX Hainanese Chicken Rice (Halal) 品香雞飯,"Level 2M Public Area, 10 Airport Blvd., Changi Airport Singapore, Terminal 4, 819665",819665,,,3.9 stars,34,,,,,,,,,,,,,,,,,Went to  Bedok interchange market outlet
177,KTMW (KATONG MEI WEI) chicken rice tea-cafe,"375 Bedok Rd, Singapore 469551",469551,,,4.8 stars,39,,,,,,,,,,,,,,,,,Went to Katong outlet
178,169 Hainanese Chicken Rice,"335 Smith St, #02-169, Singapore 050335",050335,11am-3pm,Hawker,3.6 stars,40,,,,,,,,,,,,,,,,,Went twice and was closed both time
179,Tong Fong Fatt Hainanese Boneless Chicken Rice,"208B New Upper Changi Rd, #01-06 Bedok Interchange Hawker Centre, Singapore 462208",462208,,,2.3 stars,44,,,,,,,,,,,,,,,,,Went to Gim Moh outlet
180,Leng Heng Chicken Rice (龍興雞飯),"1220 ECP, #01-07, Singapore 468960",468960,11am-7:30pm,Hawker,4.7 stars,46,,,,,,,,,,,,,,,,,Hawker closed for cleaning 
180,Tong Fong Fatt Hainanese Boneless Chicken Rice,"6 Jalan Bukit Merah, #01-32 ABC Brickworks, Singapore 150006",150006,,,2.8 stars,48,,,,,,,,,,,,,,,,,Went to the Gim Moh outlet
181,Tong Fong Fatt Hainanese Boneless Chicken Rice,"16 Bedok South Road, #01-53, Pasar 16@Bedok, Singapore 460016",460016,,,1.7 stars,48,,,,,,,,,,,,,,,,,Went to Gim Moh outlet
182,TFF boneless chicken rice,"811 Upper E Coast Rd, Singapore 466608",466608,,Hawker,2.9 stars,51,,,,,,,,,,,,,,,,,Went to Gim Moh outlet
183,Sin Kee Chicken Rice,"159 Mei Ling St, #02-22, Singapore 140159",140159,,,3.9 stars,60,,,,,,,,,,,,,,,,,Went to Holland outlet
184,Jew Kit Hainanese Chicken Rice,"604 Sembawang Road, #01-26, Sembawang Shopping Centre, 758459",758459,,,3.8 stars,62,,,,,,,,,,,,,,,,,Went to Bukit Timah outlet
185,925 Yishun Hainanese Chicken Rice,"132 Jurong Gateway Rd, Singapore 600132",600132,,,3.7 stars,64,,,,,,,,,,,,,,,,,Went to Yishun outlet
186,Hainan Chicken Rice Ball,"3752 Bukit Merah Central, Singapore 159848",159848,10am-2:30pm,Coffee Shop,3.6 stars,72,,,,,,,,,,,,,,,,,Stall changed
187,OK Chicken Rice (Yishun),"513 Yishun St 51, Singapore 760513",760513,,,4.3 stars,77,,,,,,,,,,,,,,,,,Went to Ang Moh Kio outlet
188,Da Ji Hainanese Chicken Rice,"75 Lor. 5 Toa Payoh, #01-31, Singapore 310075",310075,6:30-11:30pm,Hawker,4.2 stars,78,,,,,,,,,,,,,,,,,"Opens at 6pm daily, not in time to send to lab"
189,Edmond Chicken Rice,"48A Tanglin Halt Rd, #01-028, Singapore 148813",148813,-,Hawker,4.5 stars,134,,,,,,,,,,,,,,,,,Went twice and was closed both time
190,Tian Tian Hainanese Chicken Rice,"450 Clementi Ave 3, Singapore 120450",120450,,,4.0 stars,151,,,,,,,,,,,,,,,,,Went to the Maxwell hawker outlet
191,Tiong Bahru Boneless Hainanese Chicken Rice,"5 Changi Village Rd, #01-2037, Singapore 500005",500005,,,4.0 stars,156,,,,,,,,,,,,,,,,,Went to Chinatown outlet
192,925 Yishun Hainanese Chicken Rice,"722 Ang Mo Kio Ave 8, #01-2843, Singapore 560722",560722,,,4.0 stars,177,,,,,,,,,,,,,,,,,Went to Yishun outlet
193,Wee Nam Kee Chicken Rice (Jurong Point),"63 Jurong West Central 3, #B1-60/61, Singapore 648331",648331,,,3.5 stars,205,,,,,,,,,,,,,,,,,Went to United Square outlet
194,Wee Nam Kee Chicken Rice,"10 Eunos Rd 8, #B1-125 SingPost Centre, Singapore 408600",408600,,,3.8 stars,295,,,,,,,,,,,,,,,,,Went to United Square outlet
195,Five Star Kampung Chicken Rice & Kitchen,"7 Cheong Chin Nam Rd, Singapore 599732",599732,,,3.8 stars,299,,,,,,,,,,,,,,,,,Went to East Coast Road outlet
196,Five Star Kampung Chicken Rice & Kitchen,"419 River Valley Rd, Singapore 248318",248318,,,3.8 stars,313,,,,,,,,,,,,,,,,,
197,Victor Famous Fried Chicken Wing Rice and Hainanese Chicken Rice,"638 Veerasamy Rd, #01-101 Yi He Eating House, Singapore 200638",200638,11am-6pm,Coffee Shop,4.2 stars,340,,,,,,,,,,,,,,,,,Went twice and no steam chicken
198,Tian Tian Hainanese Chicken Rice - Bedok Branch,"12 Jln Pari Burong, Singapore 488678",488678,,,3.9 stars,533,,,,,,,,,,,,,,,,,
199,Boon Tong Kee @ AMK,"233 Ang Mo Kio Ave 3, #01-1194, Singapore 560233",560233,,,4.1 stars,864,,,,,,,,,,,,,,,,,Went to Balestier outlet
200,Boon Tong Kee @ River Valley,"425 River Valley Rd, Singapore 248324",248324,,,4.2 stars,"1,176",,,,,,,,,,,,,,,,,Went to the Balestier outlet